gloss,test,train,val,usable_total,mean_quality_score,mean_valid_frame_ratio,mean_movement_score
visit,1,6,1,8,0.7575493932468818,0.76953125,0.03931582323275501
computer,1,6,1,8,0.7451785197277787,0.787109375,0.036922954983310725
enjoy,1,5,2,8,0.7354396211216226,0.75,0.037189787020906764
language,1,5,2,8,0.6896484375,0.703125,0.08304076315835113
sunday,1,5,1,7,0.7352678571428573,0.7455357142857143,0.05246870166489052
drink,1,5,1,7,0.5969890163346594,0.6584821428571429,0.018276049822036657
