video_id,split,true_label_id,true_gloss,pred_label_id,pred_gloss,confidence,correct,top1_label_id,top1_gloss,top1_prob,top2_label_id,top2_gloss,top2_prob,top3_label_id,top3_gloss,top3_prob,top4_label_id,top4_gloss,top4_prob,top5_label_id,top5_gloss,top5_prob
17730,test,1,drink,1,drink,0.9824216961860657,True,1,drink,0.9824216961860657,3,language,0.007874272763729095,0,computer,0.003400268265977502,2,enjoy,0.002244495088234544,5,visit,0.0020782153587788343
12306,test,0,computer,3,language,0.49080055952072144,False,3,language,0.49080055952072144,1,drink,0.304193377494812,2,enjoy,0.16217505931854248,0,computer,0.021534791216254234,4,sunday,0.012637576088309288
32157,test,3,language,3,language,0.8508533239364624,True,3,language,0.8508533239364624,5,visit,0.09468910098075867,2,enjoy,0.03160523623228073,0,computer,0.00957826804369688,4,sunday,0.008917231112718582
19255,test,2,enjoy,1,drink,0.5741228461265564,False,1,drink,0.5741228461265564,3,language,0.3108638823032379,0,computer,0.05294587090611458,5,visit,0.0366603285074234,2,enjoy,0.017158331349492073
61804,test,5,visit,5,visit,0.3723037838935852,True,5,visit,0.3723037838935852,4,sunday,0.3309556841850281,3,language,0.14241550862789154,0,computer,0.0847521647810936,2,enjoy,0.041505008935928345
55768,test,4,sunday,3,language,0.5593382120132446,False,3,language,0.5593382120132446,2,enjoy,0.28143274784088135,5,visit,0.07153134793043137,1,drink,0.03552045300602913,4,sunday,0.026370611041784286
