epoch,train_loss,train_top1,train_top5,val_loss,val_top1,val_top5
1,2.298549683197685,0.19565217488485834,1.0,2.671109914779663,0.4000000059604645,1.0
2,2.8114393172056777,0.13043478325657223,1.0,1.6031824350357056,0.0,1.0
3,1.9635651318923286,0.1739130454218906,1.0,1.8255913257598877,0.20000000298023224,1.0
4,1.7931079087050066,0.2173913062914558,1.0,1.4627290964126587,0.5,1.0
5,1.5340137896330461,0.28260869824368023,1.0,1.622422456741333,0.30000001192092896,1.0
