video_id,split,true_label_id,true_gloss,pred_label_id,pred_gloss,confidence,correct,top1_label_id,top1_gloss,top1_prob,top2_label_id,top2_gloss,top2_prob,top3_label_id,top3_gloss,top3_prob,top4_label_id,top4_gloss,top4_prob,top5_label_id,top5_gloss,top5_prob
17730,test,0,book,2,computer,0.2983182966709137,False,2,computer,0.2983182966709137,3,before,0.2601114511489868,1,drink,0.2020103633403778,4,chair,0.1729377806186676,0,book,0.0666220411658287
17713,test,0,book,2,computer,0.26522958278656006,False,2,computer,0.26522958278656006,3,before,0.25783970952033997,4,chair,0.2029046267271042,1,drink,0.1975611001253128,0,book,0.07646498084068298
12306,test,1,drink,2,computer,0.37493541836738586,False,2,computer,0.37493541836738586,3,before,0.2208174616098404,4,chair,0.16874472796916962,1,drink,0.15589231252670288,0,book,0.07961003482341766
12320,test,1,drink,2,computer,0.34241876006126404,False,2,computer,0.34241876006126404,3,before,0.2364003211259842,4,chair,0.1889098584651947,1,drink,0.143255814909935,0,book,0.08901520073413849
5727,test,2,computer,2,computer,0.32144710421562195,True,2,computer,0.32144710421562195,3,before,0.24445740878582,4,chair,0.18760272860527039,1,drink,0.1641739010810852,0,book,0.08231888711452484
9847,test,3,before,2,computer,0.37493541836738586,False,2,computer,0.37493541836738586,3,before,0.2208174616098404,4,chair,0.16874472796916962,1,drink,0.15589231252670288,0,book,0.07961003482341766
9855,test,3,before,2,computer,0.33012866973876953,False,2,computer,0.33012866973876953,3,before,0.250670462846756,1,drink,0.17397379875183105,4,chair,0.17161963880062103,0,book,0.07360739260911942
24857,test,4,chair,2,computer,0.38731321692466736,False,2,computer,0.38731321692466736,3,before,0.25796547532081604,1,drink,0.16976819932460785,4,chair,0.12689955532550812,0,book,0.05805359035730362
