split,samples,top1_accuracy,top5_accuracy
test,59,0.288135593220339,0.4745762711864407
