split,samples,top1_accuracy,top5_accuracy
test,6,0.3333333333333333,0.8333333333333334
