video_id,split,true_label_id,true_gloss,pred_label_id,pred_gloss,confidence,correct,top1_label_id,top1_gloss,top1_prob,top2_label_id,top2_gloss,top2_prob,top3_label_id,top3_gloss,top3_prob,top4_label_id,top4_gloss,top4_prob,top5_label_id,top5_gloss,top5_prob
17730,test,1,drink,1,drink,0.8985863327980042,True,1,drink,0.8985863327980042,0,computer,0.06270121037960052,3,language,0.017562495544552803,2,enjoy,0.010371793061494827,5,visit,0.00720300804823637
12306,test,0,computer,1,drink,0.6658169031143188,False,1,drink,0.6658169031143188,4,sunday,0.08970784395933151,0,computer,0.0833812952041626,5,visit,0.07485949993133545,3,language,0.07357524335384369
32157,test,3,language,3,language,0.7890661358833313,True,3,language,0.7890661358833313,2,enjoy,0.11034674942493439,5,visit,0.06804844737052917,4,sunday,0.01575697399675846,0,computer,0.013368428684771061
19255,test,2,enjoy,1,drink,0.650732696056366,False,1,drink,0.650732696056366,0,computer,0.18909266591072083,3,language,0.07652140408754349,5,visit,0.04210633784532547,2,enjoy,0.038100797683000565
61804,test,5,visit,1,drink,0.40554648637771606,False,1,drink,0.40554648637771606,5,visit,0.2749532461166382,3,language,0.11751069128513336,0,computer,0.11632911115884781,4,sunday,0.06867953389883041
55768,test,4,sunday,1,drink,0.6821343898773193,False,1,drink,0.6821343898773193,0,computer,0.11896134167909622,3,language,0.07686734944581985,5,visit,0.07645583152770996,2,enjoy,0.03147111460566521
